{
    "ESRI": {
        "GADM v3.6": 0.9841619291968552,
        "Natural Earth v4.1": 0.6363054916717086,
        "OCHA FISS": 0.9841619291968552
    },
    "GADM v3.6": {
        "ESRI": 0.9840482438102643,
        "Natural Earth v4.1": 0.6380220279443652,
        "OCHA FISS": 1.0
    },
    "Natural Earth v4.1": {
        "ESRI": 0.6818488009291427,
        "GADM v3.6": 0.6837671829055625,
        "OCHA FISS": 0.6837671829055625
    },
    "OCHA FISS": {
        "ESRI": 0.9840482438102643,
        "GADM v3.6": 1.0,
        "Natural Earth v4.1": 0.6380220279443652
    }
}