{
    "ESRI": {
        "Natural Earth v4.1": 0.6363054916717086
    },
    "Natural Earth v4.1": {
        "ESRI": 0.6818488009291427
    }
}