{
    "ESRI": {
        "GADM v3.6": 0.8628642083099585,
        "Natural Earth v4.1": 0.8402254469575275,
        "geoBoundaries (Open)": 0.8480409891899526
    },
    "GADM v3.6": {
        "ESRI": 0.8604967697010202,
        "Natural Earth v4.1": 0.8640489012280739,
        "geoBoundaries (Open)": 0.8577383619931476
    },
    "Natural Earth v4.1": {
        "ESRI": 0.8401773490827186,
        "GADM v3.6": 0.8663765149199553,
        "geoBoundaries (Open)": 0.9253401099912975
    },
    "geoBoundaries (Open)": {
        "ESRI": 0.8483426544519239,
        "GADM v3.6": 0.86040416580174,
        "Natural Earth v4.1": 0.9257222641631377
    }
}