{
    "GADM v3.6": {
        "geoBoundaries (Open)": 0.6207698735144427
    },
    "geoBoundaries (Open)": {
        "GADM v3.6": 0.6226990219394796
    }
}