{
    "ESRI": {
        "GADM v3.6": 0.9929728649015974,
        "Natural Earth v4.1": 0.9839493771378287,
        "geoBoundaries (Open)": 0.9977265215317282
    },
    "GADM v3.6": {
        "ESRI": 0.9902485091562677,
        "Natural Earth v4.1": 0.980272984727209,
        "geoBoundaries (Open)": 0.9907714916028372
    },
    "Natural Earth v4.1": {
        "ESRI": 0.9838951028245947,
        "GADM v3.6": 0.9829156756850511,
        "geoBoundaries (Open)": 0.9839841620753843
    },
    "geoBoundaries (Open)": {
        "ESRI": 0.998081478128218,
        "GADM v3.6": 0.0,
        "Natural Earth v4.1": 0.9843885281522242
    }
}